Question,Option A,Option B,Option C,Option D,Option E,Question_Analysis
1. How satisfied are you with our customer service?,Very satisfied,Satisfied,Neutral,Dissatisfied,Very dissatisfied,"Analysis error: Error code: 401 - {'error': {'message': 'Incorrect API key provided: your-key*here. You can find your API key at https://platform.openai.com/account/api-keys.', 'type': 'invalid_request_error', 'param': None, 'code': 'invalid_api_key'}}"
2. How often do you use our services?,Daily,Weekly,Monthly,Rarely,Never,"Analysis error: Error code: 401 - {'error': {'message': 'Incorrect API key provided: your-key*here. You can find your API key at https://platform.openai.com/account/api-keys.', 'type': 'invalid_request_error', 'param': None, 'code': 'invalid_api_key'}}"
3. What is your preferred method of communication with us?,Phone,Email,SMS,In-person,Mobile App,"Analysis error: Error code: 401 - {'error': {'message': 'Incorrect API key provided: your-key*here. You can find your API key at https://platform.openai.com/account/api-keys.', 'type': 'invalid_request_error', 'param': None, 'code': 'invalid_api_key'}}"
4. How would you rate the quality of our services?,Excellent,Good,Average,Poor,Very Poor,"Analysis error: Error code: 401 - {'error': {'message': 'Incorrect API key provided: your-key*here. You can find your API key at https://platform.openai.com/account/api-keys.', 'type': 'invalid_request_error', 'param': None, 'code': 'invalid_api_key'}}"
5. How likely are you to recommend us to others?,Very likely,Likely,Neutral,Unlikely,Very unlikely,"Analysis error: Error code: 401 - {'error': {'message': 'Incorrect API key provided: your-key*here. You can find your API key at https://platform.openai.com/account/api-keys.', 'type': 'invalid_request_error', 'param': None, 'code': 'invalid_api_key'}}"
6. How easy is it to navigate our website?,Very easy,Easy,Neutral,Difficult,Very difficult,"Analysis error: Error code: 401 - {'error': {'message': 'Incorrect API key provided: your-key*here. You can find your API key at https://platform.openai.com/account/api-keys.', 'type': 'invalid_request_error', 'param': None, 'code': 'invalid_api_key'}}"
7. How do you rate the responsiveness of our support team?,Excellent,Good,Average,Poor,Very poor,"Analysis error: Error code: 401 - {'error': {'message': 'Incorrect API key provided: your-key*here. You can find your API key at https://platform.openai.com/account/api-keys.', 'type': 'invalid_request_error', 'param': None, 'code': 'invalid_api_key'}}"
8. What motivates you to choose our services?,Quality,Price,Convenience,Brand,Other,"Analysis error: Error code: 401 - {'error': {'message': 'Incorrect API key provided: your-key*here. You can find your API key at https://platform.openai.com/account/api-keys.', 'type': 'invalid_request_error', 'param': None, 'code': 'invalid_api_key'}}"
9. How would you describe the pricing of our services?,Very affordable,Affordable,Neutral,Expensive,Very expensive,"Analysis error: Error code: 401 - {'error': {'message': 'Incorrect API key provided: your-key*here. You can find your API key at https://platform.openai.com/account/api-keys.', 'type': 'invalid_request_error', 'param': None, 'code': 'invalid_api_key'}}"
10. How well do our services meet your needs?,Very well,Well,Neutral,Poorly,Very poorly,"Analysis error: Error code: 401 - {'error': {'message': 'Incorrect API key provided: your-key*here. You can find your API key at https://platform.openai.com/account/api-keys.', 'type': 'invalid_request_error', 'param': None, 'code': 'invalid_api_key'}}"
