Question,Option A,Option B,Option C,Option D,Option E
1. How satisfied are you with our customer service?,Very satisfied,Satisfied,Neutral,Dissatisfied,Very dissatisfied
2. How often do you use our services?,Daily,Weekly,Monthly,Rarely,Never
3. What is your preferred method of communication with us?,Phone,Email,SMS,In-person,Mobile App
4. How would you rate the quality of our services?,Excellent,Good,Average,Poor,Very Poor
5. How likely are you to recommend us to others?,Very likely,Likely,Neutral,Unlikely,Very unlikely
6. How easy is it to navigate our website?,Very easy,Easy,Neutral,Difficult,Very difficult
7. How do you rate the responsiveness of our support team?,Excellent,Good,Average,Poor,Very poor
8. What motivates you to choose our services?,Quality,Price,Convenience,Brand,Other
9. How would you describe the pricing of our services?,Very affordable,Affordable,Neutral,Expensive,Very expensive
10. How well do our services meet your needs?,Very well,Well,Neutral,Poorly,Very poorly
